employee_number,first_name,last_name,ppsn_masked,department,job_title,pay_frequency,salary_type,annual_salary,hourly_rate,standard_hours,prsi_class,pension_scheme,pension_ee_percent,pension_er_percent,employment_start_date,employment_end_date,tax_basis,annual_tax_credits,annual_srcop,usc_status,lpt_annual,benefits
E0001,Sinéad,Johnston,•••••01S,Marketing,Marketing Executive,MONTHLY,SALARY,53100.00,,,A,OCCUPATIONAL,0.0300,0.0300,2015-04-05,,CUMULATIVE,4000.00,44000.00,ORDINARY,0.00,
E0002,David,McCarthy,••••••4IA,Operations,Team Lead,MONTHLY,SALARY,48100.00,,,A,,,,2017-06-20,,CUMULATIVE,4000.00,44000.00,ORDINARY,0.00,
E0003,Priya,Flynn,••••••7CA,Customer Service,Customer Service Agent,WEEKLY,HOURLY,,18.5500,39.00,A,OCCUPATIONAL,0.0500,0.0600,2015-11-09,,CUMULATIVE,4000.00,44000.00,ORDINARY,1035.00,
E0004,Saoirse,Ryan,•••••87U,Operations,Operations Associate,MONTHLY,SALARY,33600.00,,,A,OCCUPATIONAL,0.0800,0.0500,2023-09-18,,CUMULATIVE,4000.00,44000.00,ORDINARY,1035.00,
E0005,Aoibhinn,Keane,—,Administration,Receptionist,MONTHLY,SALARY,43200.00,,,A,,,,2013-05-14,,,,,,,
E0006,Saoirse,Kennedy,•••••54O,Marketing,Marketing Executive,MONTHLY,SALARY,76400.00,,,A,OCCUPATIONAL,0.0500,0.0600,2014-09-25,,CUMULATIVE,4000.00,44000.00,ORDINARY,405.00,
E0007,Seán,Kelly,•••••33G,Management,Head of Department,MONTHLY,SALARY,105000.00,,,S,,,,2015-12-10,,CUMULATIVE,4000.00,44000.00,ORDINARY,90.00,
E0008,Shane,Kowalski,•••••67Q,Sales,Account Executive,MONTHLY,SALARY,65900.00,,,A,OCCUPATIONAL,0.0500,0.0600,2019-04-26,,CUMULATIVE,4000.00,44000.00,ORDINARY,495.00,
E0009,Oisín,Murphy,•••••60D,Customer Service,Senior Agent,WEEKLY,HOURLY,,16.4100,20.00,A,,,,2026-02-25,,CUMULATIVE,4000.00,44000.00,ORDINARY,0.00,
E0010,Tomasz,Maguire,•••••61V,Finance,Accountant,MONTHLY,SALARY,68100.00,,,A,OCCUPATIONAL,0.0500,0.0300,2025-09-06,,CUMULATIVE,4000.00,44000.00,ORDINARY,1035.00,
E0011,Ana,O'Reilly,••••••3NA,Operations,Logistics Coordinator,MONTHLY,SALARY,30600.00,,,A,,,,2019-10-19,,CUMULATIVE,4000.00,44000.00,ORDINARY,0.00,
E0012,Niamh,Murphy,••••••6MA,Customer Service,Senior Agent,WEEKLY,HOURLY,,18.1200,20.00,A,,,,2021-04-23,,CUMULATIVE,5000.00,44000.00,ORDINARY,315.00,
E0013,Lucas,Nagle,••••••8TA,Sales,Account Executive,MONTHLY,SALARY,70300.00,,,A,OCCUPATIONAL,0.0600,0.0600,2012-05-12,,CUMULATIVE,6000.00,53000.00,ORDINARY,0.00,
E0014,Cian,Kowalski,••••••1WA,Customer Service,Senior Agent,WEEKLY,HOURLY,,14.7700,39.00,A,OCCUPATIONAL,0.0300,0.0300,2019-06-10,,CUMULATIVE,6000.00,53000.00,ORDINARY,585.00,
E0015,Aoibhinn,Moore,•••••95S,HR,Recruiter,MONTHLY,SALARY,59600.00,,,A,OCCUPATIONAL,0.0600,0.0600,2026-08-18,,CUMULATIVE,5000.00,44000.00,ORDINARY,405.00,
E0016,Orla,Kennedy,••••••9MA,Operations,Team Lead,MONTHLY,SALARY,36000.00,,,,OCCUPATIONAL,0.0800,0.0300,2022-06-15,,CUMULATIVE,4000.00,44000.00,ORDINARY,405.00,
E0017,Emma,Collins,•••••08D,Sales,Account Executive,MONTHLY,SALARY,57800.00,,,A,,,,2023-01-25,,CUMULATIVE,4000.00,44000.00,ORDINARY,585.00,
E0018,Katie,Murray,••••••1IA,Operations,Logistics Coordinator,MONTHLY,SALARY,35800.00,,,A,OCCUPATIONAL,0.0500,0.0300,2019-08-09,,CUMULATIVE,4000.00,44000.00,ORDINARY,405.00,
E0019,Sinéad,Murray,••••••3QA,Operations,Logistics Coordinator,MONTHLY,SALARY,39600.00,,,A,,,,2025-10-13,,CUMULATIVE,4000.00,44000.00,ORDINARY,675.00,
E0020,Conor,Carroll,••••••3FA,Sales,Sales Representative,MONTHLY,SALARY,67600.00,,,A,PRSA,0.0300,0.0500,2022-01-03,,CUMULATIVE,4000.00,44000.00,ORDINARY,0.00,COMPANY_CAR
E0021,Eoin,Horgan,••••••4LA,Sales,Account Executive,MONTHLY,SALARY,42000.00,,,A,,,,2016-06-06,,CUMULATIVE,4000.00,44000.00,ORDINARY,315.00,
E0022,Lucas,Farrell,••••••8FA,Sales,Sales Representative,MONTHLY,SALARY,48200.00,,,A,,,,2026-05-27,,CUMULATIVE,4000.00,44000.00,ORDINARY,405.00,MEDICAL_INSURANCE
E0023,Ciarán,Fitzgerald,••••••3TA,Operations,Operations Associate,MONTHLY,SALARY,48600.00,,,A,OCCUPATIONAL,0.0600,0.0600,2024-05-11,,CUMULATIVE,4000.00,44000.00,ORDINARY,315.00,
E0024,Éabha,Campbell,•••••23P,Operations,Logistics Coordinator,MONTHLY,SALARY,38800.00,,,J,OCCUPATIONAL,0.0500,0.0300,2017-12-15,,CUMULATIVE,6000.00,53000.00,REDUCED,0.00,
E0025,Emma,Smith,••••••4MA,Sales,Sales Representative,MONTHLY,SALARY,59000.00,,,A,OCCUPATIONAL,0.0800,0.0500,2025-08-04,,CUMULATIVE,6000.00,53000.00,ORDINARY,495.00,COMPANY_CAR
E0026,Chloe,Murphy,•••••32C,Operations,Logistics Coordinator,MONTHLY,SALARY,38900.00,,,A,OCCUPATIONAL,0.0600,0.0300,2021-10-02,,CUMULATIVE,6000.00,53000.00,ORDINARY,1035.00,
E0027,Jack,Ryan,••••••9KA,Customer Service,Senior Agent,WEEKLY,HOURLY,,16.8300,30.00,A,PRSA,0.0300,0.0500,2020-04-21,,CUMULATIVE,4000.00,44000.00,ORDINARY,1035.00,
E0028,Mateus,Clarke,••••••9MA,Customer Service,Customer Service Agent,WEEKLY,HOURLY,,15.9300,39.00,A,,,,2024-11-27,,CUMULATIVE,4000.00,44000.00,ORDINARY,585.00,
E0029,Lucas,Clarke,••••••8AA,Finance,Financial Analyst,MONTHLY,SALARY,55400.00,,,A,OCCUPATIONAL,0.0600,0.0600,2017-02-25,,CUMULATIVE,4000.00,44000.00,ORDINARY,0.00,
E0030,Fionn,Campbell,••••••8WA,Customer Service,Senior Agent,WEEKLY,HOURLY,,14.9200,39.00,A,,,,2020-07-03,,CUMULATIVE,4000.00,35000.00,ORDINARY,405.00,
E0031,Adam,McLoughlin,••••••5GA,Operations,Operations Associate,MONTHLY,SALARY,37900.00,,,A,,,,2012-05-24,,CUMULATIVE,4000.00,35000.00,ORDINARY,1035.00,MEDICAL_INSURANCE
E0032,Diarmuid,O'Neill,••••••2FA,Customer Service,Customer Service Agent,WEEKLY,HOURLY,,17.4800,30.00,A,,,,2012-03-17,,CUMULATIVE,4000.00,35000.00,ORDINARY,1035.00,
E0033,Ciara,O'Sullivan,••••••2RA,Customer Service,Senior Agent,WEEKLY,HOURLY,,16.1600,39.00,A,OCCUPATIONAL,0.0800,0.0600,2021-02-08,,CUMULATIVE,4000.00,44000.00,ORDINARY,675.00,
E0034,Tomasz,Moore,••••••7IA,Customer Service,Senior Agent,WEEKLY,HOURLY,,15.2200,30.00,A,,,,2015-08-21,,CUMULATIVE,4000.00,44000.00,ORDINARY,225.00,MEDICAL_INSURANCE
E0035,Mateus,McCarthy,•••••95M,Finance,Financial Analyst,MONTHLY,SALARY,80700.00,,,A,,,,2012-10-28,,CUMULATIVE,4000.00,44000.00,ORDINARY,0.00,
E0036,Éabha,Carroll,••••••7WA,Administration,Administrator,MONTHLY,SALARY,40000.00,,,A,OCCUPATIONAL,0.0800,0.0500,2014-04-05,,CUMULATIVE,4000.00,44000.00,ORDINARY,1035.00,MEDICAL_INSURANCE
E0037,Declan,Moore,••••••1HA,Customer Service,Senior Agent,WEEKLY,HOURLY,,19.2100,39.00,A,,,,2025-11-12,,CUMULATIVE,4000.00,44000.00,ORDINARY,1035.00,MEDICAL_INSURANCE
E0038,Jack,Burke,•••••05F,Administration,Administrator,MONTHLY,SALARY,37100.00,,,A,,,,2021-12-24,,CUMULATIVE,4000.00,44000.00,ORDINARY,495.00,
E0039,Sinéad,Carroll,•••••39W,HR,HR Generalist,MONTHLY,SALARY,66000.00,,,A,OCCUPATIONAL,0.0800,0.0500,2021-01-02,,WEEK1_MONTH1,4000.00,44000.00,ORDINARY,90.00,
E0040,Pádraig,O'Doherty,••••••1JA,Sales,Account Executive,MONTHLY,SALARY,59500.00,,,A,OCCUPATIONAL,0.0600,0.0500,2012-03-24,,CUMULATIVE,4000.00,44000.00,ORDINARY,0.00,
E0041,Declan,Ryan,•••••96E,Marketing,Marketing Executive,MONTHLY,SALARY,53000.00,,,A,,,,2021-11-19,,CUMULATIVE,4000.00,44000.00,ORDINARY,0.00,
E0042,Ronan,Ryan,••••••8CA,IT,DevOps Engineer,MONTHLY,SALARY,108800.00,,,A,OCCUPATIONAL,0.0300,0.0600,2013-02-27,,CUMULATIVE,4000.00,44000.00,ORDINARY,315.00,
E0043,Priya,Silva,•••••40A,Customer Service,Senior Agent,WEEKLY,HOURLY,,15.1200,39.00,A,OCCUPATIONAL,0.0300,0.0300,2016-10-08,,,,,,,
E0044,Shane,O'Brien,•••••22K,HR,Recruiter,MONTHLY,SALARY,56800.00,,,A,OCCUPATIONAL,0.0800,0.0300,2018-08-11,,CUMULATIVE,4000.00,44000.00,ORDINARY,585.00,
E0045,Aisling,O'Connor,••••••7EA,Marketing,Content Specialist,MONTHLY,SALARY,56800.00,,,A,,,,2021-01-01,,CUMULATIVE,6000.00,53000.00,ORDINARY,0.00,
E0046,Orla,Brennan,••••••7RA,Operations,Operations Associate,MONTHLY,SALARY,40600.00,,,A,OCCUPATIONAL,0.0500,0.0300,2018-10-13,,CUMULATIVE,4000.00,44000.00,ORDINARY,0.00,
E0047,Adam,Brown,••••••2SA,Sales,Sales Representative,MONTHLY,SALARY,69300.00,,,A,,,,2025-11-27,,CUMULATIVE,4000.00,44000.00,ORDINARY,0.00,COMPANY_CAR
E0048,Pádraig,O'Neill,••••••5TA,Finance,Accountant,MONTHLY,SALARY,88900.00,,,A,OCCUPATIONAL,0.0300,0.0300,2025-02-20,,,,,,,
E0049,Ana,Lynch,••••••8QA,Sales,Account Executive,MONTHLY,SALARY,60200.00,,,A,,,,2017-05-13,,CUMULATIVE,4000.00,44000.00,ORDINARY,0.00,COMPANY_CAR
E0050,Sarah,O'Neill,•••••73D,Customer Service,Customer Service Agent,WEEKLY,HOURLY,,18.2700,20.00,J,OCCUPATIONAL,0.0800,0.0300,2013-11-22,,CUMULATIVE,4000.00,44000.00,ORDINARY,495.00,
E0051,Shane,Brown,••••••3HA,Finance,Accounts Payable Clerk,MONTHLY,SALARY,62600.00,,,A,OCCUPATIONAL,0.0500,0.0600,2015-08-20,,CUMULATIVE,4000.00,44000.00,ORDINARY,0.00,MEDICAL_INSURANCE
E0052,Eoin,Johnston,•••••06B,Customer Service,Senior Agent,WEEKLY,HOURLY,,16.1600,39.00,A,OCCUPATIONAL,0.0500,0.0300,2013-03-09,,CUMULATIVE,4000.00,44000.00,ORDINARY,495.00,MEDICAL_INSURANCE
E0053,Saoirse,Kennedy,•••••34R,Operations,Logistics Coordinator,MONTHLY,SALARY,35100.00,,,A,,,,2016-04-27,,CUMULATIVE,4000.00,44000.00,ORDINARY,0.00,
E0054,Oisín,Campbell,•••••88J,IT,Software Engineer,MONTHLY,SALARY,88400.00,,,A,OCCUPATIONAL,0.0500,0.0300,2017-04-19,,CUMULATIVE,6000.00,53000.00,ORDINARY,315.00,
E0055,Niamh,McCarthy,•••••04H,IT,Software Engineer,MONTHLY,SALARY,71200.00,,,A,,,,2025-11-06,,CUMULATIVE,4000.00,44000.00,ORDINARY,0.00,
E0056,Orla,Keane,••••••8NA,Customer Service,Senior Agent,WEEKLY,HOURLY,,19.4700,39.00,A,OCCUPATIONAL,0.0300,0.0300,2024-06-14,,CUMULATIVE,4000.00,44000.00,ORDINARY,0.00,
E0057,Rahul,Sharma,•••••20N,Customer Service,Senior Agent,WEEKLY,HOURLY,,15.4100,39.00,A,PRSA,0.0300,0.0600,2023-06-20,,CUMULATIVE,4000.00,44000.00,ORDINARY,0.00,
E0058,Brian,Burke,••••••4KA,Sales,Account Executive,MONTHLY,SALARY,46000.00,,,A,OCCUPATIONAL,0.0600,0.0300,2017-11-09,,CUMULATIVE,4000.00,44000.00,ORDINARY,315.00,
E0059,Ciarán,Kelly,•••••32P,Marketing,Content Specialist,MONTHLY,SALARY,54300.00,,,A,,,,2020-05-10,,CUMULATIVE,4000.00,44000.00,ORDINARY,495.00,MEDICAL_INSURANCE
E0060,Pádraig,Walsh,••••••2VA,Sales,Account Executive,MONTHLY,SALARY,44700.00,,,A,OCCUPATIONAL,0.0500,0.0600,2014-06-21,,CUMULATIVE,4000.00,44000.00,ORDINARY,0.00,
E0061,Niamh,Kowalski,•••••00J,Marketing,Content Specialist,MONTHLY,SALARY,58600.00,,,A,PRSA,0.0500,0.0600,2020-11-06,,CUMULATIVE,6000.00,53000.00,ORDINARY,225.00,
E0062,Conor,Kennedy,•••••25H,Operations,Logistics Coordinator,MONTHLY,SALARY,38100.00,,,A,OCCUPATIONAL,0.0600,0.0600,2019-07-16,,CUMULATIVE,4000.00,35000.00,ORDINARY,315.00,
E0063,Saoirse,Quinn,•••••95C,IT,DevOps Engineer,MONTHLY,SALARY,77200.00,,,A,,,,2019-08-10,,CUMULATIVE,6000.00,53000.00,ORDINARY,315.00,
E0064,Eoin,Daly,•••••12Q,Finance,Accounts Payable Clerk,MONTHLY,SALARY,53000.00,,,A,PRSA,0.0300,0.0300,2015-06-18,,CUMULATIVE,4000.00,44000.00,ORDINARY,0.00,MEDICAL_INSURANCE
E0065,Patrick,Kelly,••••••7NA,Marketing,Content Specialist,MONTHLY,SALARY,57600.00,,,A,,,,2021-06-06,,CUMULATIVE,4000.00,44000.00,ORDINARY,1035.00,
E0066,Ciara,Burke,•••••91I,Customer Service,Senior Agent,WEEKLY,HOURLY,,17.8400,30.00,A,PRSA,0.0600,0.0600,2023-01-19,,CUMULATIVE,4000.00,44000.00,ORDINARY,1035.00,
E0067,Sinéad,Moore,••••••8QA,Sales,Sales Representative,MONTHLY,SALARY,54200.00,,,A,OCCUPATIONAL,0.0500,0.0300,2019-09-11,,CUMULATIVE,4000.00,44000.00,ORDINARY,0.00,
E0068,Katie,Walsh,•••••21G,Operations,Team Lead,MONTHLY,SALARY,33200.00,,,A,OCCUPATIONAL,0.0300,0.0600,2017-08-21,,CUMULATIVE,4000.00,44000.00,ORDINARY,405.00,
E0069,Niamh,Wilson,•••••26I,Marketing,Content Specialist,MONTHLY,SALARY,37700.00,,,A,OCCUPATIONAL,0.0500,0.0500,2015-05-11,,CUMULATIVE,4000.00,44000.00,ORDINARY,0.00,
E0070,Lucas,Flynn,•••••93E,Customer Service,Senior Agent,WEEKLY,HOURLY,,14.6100,39.00,A,OCCUPATIONAL,0.0600,0.0500,2024-02-11,,CUMULATIVE,4000.00,44000.00,ORDINARY,225.00,
E0071,Declan,Ryan,••••••8EA,Management,Director,MONTHLY,SALARY,116300.00,,,A,OCCUPATIONAL,0.0600,0.0600,2021-01-09,,CUMULATIVE,6000.00,53000.00,ORDINARY,90.00,
E0072,Chloe,McLoughlin,•••••83A,Customer Service,Senior Agent,WEEKLY,HOURLY,,16.7700,20.00,A,OCCUPATIONAL,0.0600,0.0300,2024-02-17,,CUMULATIVE,4000.00,44000.00,ORDINARY,0.00,
E0073,Sarah,Kowalski,•••••46N,Operations,Team Lead,MONTHLY,SALARY,41400.00,,,A,,,,2021-02-02,,CUMULATIVE,4000.00,44000.00,ORDINARY,0.00,
E0074,Sinéad,Kennedy,••••••8SA,IT,DevOps Engineer,MONTHLY,SALARY,62000.00,,,A,,,,2020-07-17,,CUMULATIVE,4000.00,44000.00,ORDINARY,0.00,
E0075,Sarah,Johnston,•••••83V,IT,Support Engineer,MONTHLY,SALARY,79100.00,,,A,,,,2012-08-20,,CUMULATIVE,5000.00,44000.00,ORDINARY,0.00,
E0076,Grace,Moore,••••••6WA,Operations,Logistics Coordinator,MONTHLY,SALARY,38000.00,,,A,OCCUPATIONAL,0.0600,0.0300,2021-12-06,,CUMULATIVE,4000.00,44000.00,ORDINARY,90.00,
E0077,Tomasz,Keane,•••••01I,IT,Data Analyst,MONTHLY,SALARY,67400.00,,,A,,,,2019-06-03,,CUMULATIVE,6000.00,53000.00,ORDINARY,495.00,
E0078,Adam,Byrne,••••••5JA,Administration,Receptionist,MONTHLY,SALARY,34600.00,,,A,OCCUPATIONAL,0.0500,0.0300,2015-07-08,,CUMULATIVE,4000.00,44000.00,ORDINARY,0.00,
E0079,Sarah,Keane,•••••25E,IT,DevOps Engineer,MONTHLY,SALARY,76600.00,,,A,,,,2025-04-16,,CUMULATIVE,4000.00,44000.00,ORDINARY,1035.00,MEDICAL_INSURANCE
E0080,Aoife,Kelly,••••••8EA,IT,Support Engineer,MONTHLY,SALARY,75600.00,,,A,,,,2015-09-15,,CUMULATIVE,4000.00,44000.00,ORDINARY,585.00,
E0081,Orla,Wilson,•••••41H,IT,DevOps Engineer,MONTHLY,SALARY,52900.00,,,A,OCCUPATIONAL,0.0300,0.0500,2016-06-09,,CUMULATIVE,4000.00,44000.00,ORDINARY,0.00,
E0082,Méabh,Martin,•••••25G,Administration,Administrator,MONTHLY,SALARY,32800.00,,,A,OCCUPATIONAL,0.0800,0.0500,2025-12-19,,CUMULATIVE,6000.00,53000.00,ORDINARY,0.00,
E0083,Sinéad,Connolly,••••••7AA,Finance,Financial Analyst,MONTHLY,SALARY,69000.00,,,J,,,,2013-07-08,,CUMULATIVE,4000.00,44000.00,ORDINARY,405.00,MEDICAL_INSURANCE
E0084,Zofia,Burke,—,Customer Service,Senior Agent,WEEKLY,HOURLY,,14.6200,30.00,A,PRSA,0.0800,0.0500,2018-06-12,,,,,,,MEDICAL_INSURANCE
E0085,Priya,Moore,•••••62B,HR,Recruiter,MONTHLY,SALARY,45100.00,,,A,OCCUPATIONAL,0.0600,0.0300,2018-01-10,,CUMULATIVE,6000.00,53000.00,ORDINARY,675.00,
E0086,Rahul,Silva,••••••4AA,IT,Data Analyst,MONTHLY,SALARY,108200.00,,,A,,,,2012-07-11,,CUMULATIVE,4000.00,44000.00,ORDINARY,0.00,
E0087,Ana,Silva,••••••3IA,IT,Software Engineer,MONTHLY,SALARY,81900.00,,,A,OCCUPATIONAL,0.0600,0.0500,2024-07-12,,CUMULATIVE,4000.00,44000.00,ORDINARY,405.00,MEDICAL_INSURANCE
E0088,Liam,Byrne,••••••6CA,Sales,Account Executive,MONTHLY,SALARY,55100.00,,,A,PRSA,0.0800,0.0300,2020-10-21,,CUMULATIVE,4000.00,44000.00,ORDINARY,315.00,
E0089,Patrick,Byrne,••••••7HA,Management,Director,MONTHLY,SALARY,120800.00,,,S,,,,2018-02-04,,CUMULATIVE,4000.00,44000.00,ORDINARY,90.00,
E0090,Tomasz,Brennan,••••••3WA,Sales,Sales Representative,MONTHLY,SALARY,48500.00,,,A,,,,2020-07-15,,CUMULATIVE,4000.00,44000.00,ORDINARY,90.00,
E0091,Shane,Horgan,•••••79Q,Operations,Logistics Coordinator,MONTHLY,SALARY,45700.00,,,A,OCCUPATIONAL,0.0500,0.0300,2019-09-21,,CUMULATIVE,4000.00,44000.00,ORDINARY,0.00,
E0092,Jack,Nolan,••••••2PA,Sales,Account Executive,MONTHLY,SALARY,43600.00,,,A,,,,2022-09-23,,CUMULATIVE,4000.00,44000.00,ORDINARY,495.00,
E0093,Priya,Farrell,•••••19A,Sales,Sales Representative,MONTHLY,SALARY,56200.00,,,A,,,,2024-04-10,2026-04-18,CUMULATIVE,4000.00,44000.00,ORDINARY,0.00,COMPANY_CAR
E0094,Rory,Murray,••••••0RA,HR,HR Generalist,MONTHLY,SALARY,55800.00,,,A,,,,2023-10-23,,CUMULATIVE,6000.00,53000.00,ORDINARY,405.00,
E0095,Jack,Smith,••••••6CA,Administration,Administrator,MONTHLY,SALARY,39100.00,,,A,,,,2023-03-08,,CUMULATIVE,4000.00,44000.00,ORDINARY,0.00,
E0096,Mark,Brown,••••••4FA,Customer Service,Customer Service Agent,WEEKLY,HOURLY,,18.9300,39.00,A,OCCUPATIONAL,0.0300,0.0300,2023-06-28,,CUMULATIVE,4000.00,44000.00,ORDINARY,405.00,
E0097,Aoibhinn,Silva,••••••6MA,IT,Data Analyst,MONTHLY,SALARY,43500.00,,,A,OCCUPATIONAL,0.0800,0.0300,2016-03-28,,CUMULATIVE,4000.00,44000.00,ORDINARY,0.00,
E0098,Diarmuid,Sharma,•••••26L,Management,Head of Department,MONTHLY,SALARY,95200.00,,,A,,,,2019-02-08,,CUMULATIVE,4000.00,44000.00,ORDINARY,90.00,
E0099,Declan,Kelly,••••••8OA,HR,Recruiter,MONTHLY,SALARY,54000.00,,,A,,,,2013-10-24,,CUMULATIVE,4000.00,44000.00,ORDINARY,0.00,
E0100,Siobhán,Kelly,••••••2OA,HR,HR Generalist,MONTHLY,SALARY,39400.00,,,A,OCCUPATIONAL,0.0800,0.0500,2013-09-01,,CUMULATIVE,4000.00,44000.00,ORDINARY,0.00,
E0101,Aoibhinn,Kennedy,••••••4DA,Marketing,Marketing Executive,MONTHLY,SALARY,44500.00,,,A,OCCUPATIONAL,0.0500,0.0600,2016-02-10,,CUMULATIVE,4000.00,44000.00,ORDINARY,0.00,
E0102,Laura,Horgan,•••••48A,IT,Software Engineer,MONTHLY,SALARY,69700.00,,,A,PRSA,0.0500,0.0500,2024-12-09,,CUMULATIVE,5000.00,44000.00,ORDINARY,90.00,
E0103,Aoibhinn,McLoughlin,••••••3UA,Customer Service,Senior Agent,WEEKLY,HOURLY,,14.7900,39.00,A,PRSA,0.0300,0.0500,2025-01-08,2026-05-13,CUMULATIVE,6000.00,53000.00,ORDINARY,0.00,MEDICAL_INSURANCE
E0104,Grace,Murphy,•••••38Q,HR,Recruiter,MONTHLY,SALARY,50000.00,,,A,,,,2015-05-19,,CUMULATIVE,4000.00,44000.00,ORDINARY,225.00,
E0105,Pádraig,O'Connor,•••••19F,HR,Recruiter,MONTHLY,SALARY,40800.00,,,A,,,,2019-01-05,,CUMULATIVE,4000.00,44000.00,ORDINARY,315.00,MEDICAL_INSURANCE
E0106,Méabh,Burke,••••••1JA,Operations,Logistics Coordinator,MONTHLY,SALARY,34500.00,,,A,,,,2015-03-25,,CUMULATIVE,4000.00,44000.00,ORDINARY,315.00,
E0107,Adam,Byrne,•••••83K,IT,Data Analyst,MONTHLY,SALARY,94100.00,,,A,,,,2018-09-02,,CUMULATIVE,4000.00,44000.00,ORDINARY,675.00,MEDICAL_INSURANCE
E0108,Aoibhinn,Wilson,••••••9WA,Sales,Sales Representative,MONTHLY,SALARY,45000.00,,,A,OCCUPATIONAL,0.0500,0.0500,2015-11-15,,CUMULATIVE,4000.00,44000.00,ORDINARY,0.00,MEDICAL_INSURANCE
E0109,Cian,Brown,••••••7KA,Operations,Team Lead,MONTHLY,SALARY,36800.00,,,A,OCCUPATIONAL,0.0300,0.0500,2013-05-13,,CUMULATIVE,6000.00,53000.00,ORDINARY,0.00,MEDICAL_INSURANCE
E0110,Éabha,Silva,••••••9NA,HR,Recruiter,MONTHLY,SALARY,71500.00,,,A,PRSA,0.0500,0.0500,2020-12-02,,CUMULATIVE,4000.00,44000.00,ORDINARY,675.00,
E0111,Tadhg,Daly,•••••92U,IT,Software Engineer,MONTHLY,SALARY,56700.00,,,A,OCCUPATIONAL,0.0500,0.0600,2017-10-07,,CUMULATIVE,4000.00,44000.00,ORDINARY,0.00,
E0112,David,O'Sullivan,••••••9GA,Customer Service,Customer Service Agent,WEEKLY,HOURLY,,17.5700,39.00,A,,,,2024-06-08,,CUMULATIVE,4000.00,44000.00,ORDINARY,1035.00,MEDICAL_INSURANCE
E0113,Jack,Keane,••••••0BA,Administration,Receptionist,MONTHLY,SALARY,42500.00,,,A,OCCUPATIONAL,0.0300,0.0500,2022-12-11,,CUMULATIVE,6000.00,53000.00,ORDINARY,0.00,
E0114,Brian,Kelly,••••••9PA,Operations,Logistics Coordinator,MONTHLY,SALARY,36300.00,,,A,OCCUPATIONAL,0.0500,0.0500,2017-05-04,,CUMULATIVE,6000.00,53000.00,ORDINARY,0.00,
E0115,Róisín,Kelly,•••••97W,Operations,Operations Associate,MONTHLY,SALARY,41900.00,,,A,OCCUPATIONAL,0.0600,0.0500,2018-10-18,,CUMULATIVE,4000.00,44000.00,ORDINARY,315.00,
E0116,Tomasz,O'Doherty,••••••5PA,Administration,Administrator,MONTHLY,SALARY,45000.00,,,A,,,,2012-05-15,,CUMULATIVE,4000.00,44000.00,ORDINARY,405.00,
E0117,Niamh,Brennan,•••••33F,Administration,Administrator,MONTHLY,SALARY,41400.00,,,A,OCCUPATIONAL,0.0300,0.0500,2021-09-26,,CUMULATIVE,5000.00,44000.00,ORDINARY,0.00,
E0118,Fionn,Lynch,••••••4RA,Customer Service,Senior Agent,WEEKLY,HOURLY,,16.6800,39.00,A,OCCUPATIONAL,0.0800,0.0600,2024-07-04,,CUMULATIVE,4000.00,44000.00,ORDINARY,90.00,
E0119,Aoibhinn,Dunne,••••••5IA,Finance,Financial Analyst,MONTHLY,SALARY,53500.00,,,A,,,,2012-06-27,,CUMULATIVE,4000.00,44000.00,ORDINARY,0.00,
E0120,Darragh,Collins,••••••3QA,Finance,Financial Analyst,MONTHLY,SALARY,54600.00,,,A,OCCUPATIONAL,0.0500,0.0500,2026-03-27,,CUMULATIVE,4000.00,44000.00,ORDINARY,0.00,
E0121,Sinéad,Lynch,•••••22D,IT,Support Engineer,MONTHLY,SALARY,95800.00,,,A,OCCUPATIONAL,0.0600,0.0500,2015-11-08,,CUMULATIVE,4000.00,44000.00,ORDINARY,585.00,
E0122,Grace,Hughes,•••••44M,Management,Head of Department,MONTHLY,SALARY,140400.00,,,A,,,,2021-10-10,,CUMULATIVE,4000.00,44000.00,ORDINARY,0.00,
E0123,Róisín,Campbell,••••••2TA,Sales,Account Executive,MONTHLY,SALARY,75200.00,,,A,,,,2023-12-08,,CUMULATIVE,4000.00,35000.00,ORDINARY,315.00,
E0124,Tadhg,Moore,••••••1PA,Operations,Logistics Coordinator,MONTHLY,SALARY,57800.00,,,A,PRSA,0.0600,0.0300,2025-02-16,,CUMULATIVE,6000.00,53000.00,ORDINARY,1035.00,
E0125,Eoin,Brennan,••••••6EA,Management,Director,MONTHLY,SALARY,132700.00,,,A,,,,2012-08-09,,WEEK1_MONTH1,4000.00,44000.00,ORDINARY,90.00,
E0126,Liam,Sharma,••••••8JA,IT,Data Analyst,MONTHLY,SALARY,88600.00,,,A,OCCUPATIONAL,0.0300,0.0300,2013-07-17,,,,,,,
E0127,Diarmuid,Kelly,•••••90L,IT,Software Engineer,MONTHLY,SALARY,70500.00,,,A,OCCUPATIONAL,0.0500,0.0300,2014-02-12,,CUMULATIVE,4000.00,44000.00,ORDINARY,0.00,
E0128,Laura,Hughes,•••••73A,Marketing,Marketing Executive,MONTHLY,SALARY,46100.00,,,A,OCCUPATIONAL,0.0600,0.0500,2023-03-14,,CUMULATIVE,4000.00,44000.00,ORDINARY,675.00,
E0129,Niamh,Quinn,•••••01I,Marketing,Content Specialist,MONTHLY,SALARY,43600.00,,,A,,,,2020-02-24,,CUMULATIVE,4000.00,44000.00,ORDINARY,495.00,MEDICAL_INSURANCE
E0130,Declan,Keane,•••••21C,Management,Head of Department,MONTHLY,SALARY,162200.00,,,A,PRSA,0.0600,0.0300,2017-06-06,,CUMULATIVE,5000.00,44000.00,ORDINARY,0.00,
E0131,Liam,Nowak,•••••88C,Sales,Account Executive,MONTHLY,SALARY,44100.00,,,A,,,,2019-01-03,,CUMULATIVE,5000.00,44000.00,ORDINARY,495.00,
E0132,Orla,Clarke,••••••9EA,Customer Service,Senior Agent,WEEKLY,HOURLY,,18.1400,39.00,A,OCCUPATIONAL,0.0300,0.0600,2015-06-09,,CUMULATIVE,6000.00,53000.00,ORDINARY,0.00,
E0133,Brian,Nowak,••••••9MA,Marketing,Content Specialist,MONTHLY,SALARY,63400.00,,,A,OCCUPATIONAL,0.0500,0.0600,2022-11-15,,CUMULATIVE,4000.00,44000.00,ORDINARY,0.00,
E0134,Róisín,Dunne,••••••3NA,Administration,Administrator,MONTHLY,SALARY,36100.00,,,A,PRSA,0.0500,0.0500,2023-12-24,,CUMULATIVE,5000.00,44000.00,ORDINARY,585.00,MEDICAL_INSURANCE
E0135,Priya,Wilson,•••••69L,Customer Service,Senior Agent,WEEKLY,HOURLY,,14.8900,20.00,A,,,,2014-12-27,,CUMULATIVE,6000.00,53000.00,ORDINARY,585.00,
E0136,Tomasz,Brown,••••••8EA,Marketing,Content Specialist,MONTHLY,SALARY,65400.00,,,A,OCCUPATIONAL,0.0600,0.0300,2023-05-22,,CUMULATIVE,6000.00,53000.00,ORDINARY,225.00,MEDICAL_INSURANCE
E0137,Pádraig,Silva,•••••86U,Customer Service,Senior Agent,WEEKLY,HOURLY,,16.3800,39.00,A,,,,2024-05-07,,CUMULATIVE,4000.00,44000.00,ORDINARY,495.00,MEDICAL_INSURANCE
E0138,Éabha,Johnston,•••••12D,Customer Service,Customer Service Agent,WEEKLY,HOURLY,,15.6400,39.00,A,PRSA,0.0500,0.0300,2022-06-25,,CUMULATIVE,4000.00,44000.00,ORDINARY,315.00,
E0139,Fionn,Farrell,•••••81B,Sales,Sales Representative,MONTHLY,SALARY,70400.00,,,A,,,,2022-05-16,,WEEK1_MONTH1,4000.00,44000.00,ORDINARY,1035.00,COMPANY_CAR
E0140,Pádraig,Johnston,••••••8QA,Operations,Logistics Coordinator,MONTHLY,SALARY,52000.00,,,A,PRSA,0.0300,0.0300,2021-04-02,,WEEK1_MONTH1,4000.00,44000.00,ORDINARY,0.00,
E0141,Siobhán,Walsh,•••••50R,IT,Data Analyst,MONTHLY,SALARY,79000.00,,,A,OCCUPATIONAL,0.0600,0.0500,2022-07-27,,CUMULATIVE,4000.00,44000.00,ORDINARY,0.00,
E0142,Eoin,Nowak,••••••7FA,Sales,Account Executive,MONTHLY,SALARY,46700.00,,,A,,,,2013-12-19,2026-03-12,CUMULATIVE,4000.00,44000.00,ORDINARY,1035.00,
E0143,Chloe,Doyle,•••••36M,Operations,Operations Associate,MONTHLY,SALARY,35200.00,,,A,,,,2020-03-04,2026-07-20,CUMULATIVE,6000.00,53000.00,ORDINARY,0.00,
E0144,Lucas,Smith,••••••1TA,Sales,Account Executive,MONTHLY,SALARY,50000.00,,,A,,,,2016-11-03,,CUMULATIVE,6000.00,53000.00,ORDINARY,0.00,
E0145,Aisling,Kowalski,•••••47E,Finance,Financial Analyst,MONTHLY,SALARY,79800.00,,,A,OCCUPATIONAL,0.0300,0.0300,2023-11-14,,CUMULATIVE,6000.00,53000.00,ORDINARY,675.00,
E0146,Eoin,Daly,•••••78D,IT,Software Engineer,MONTHLY,SALARY,89000.00,,,A,OCCUPATIONAL,0.0500,0.0600,2020-09-16,,CUMULATIVE,4000.00,44000.00,ORDINARY,0.00,
E0147,Niamh,Kowalski,•••••77O,Sales,Sales Representative,MONTHLY,SALARY,67600.00,,,A,PRSA,0.0800,0.0300,2024-08-08,,CUMULATIVE,4000.00,44000.00,ORDINARY,405.00,
E0148,Méabh,O'Neill,••••••1PA,Management,Head of Department,MONTHLY,SALARY,144300.00,,,A,OCCUPATIONAL,0.0600,0.0500,2017-06-16,,CUMULATIVE,4000.00,44000.00,ORDINARY,0.00,
E0149,Aoibhinn,Keane,•••••86W,IT,Support Engineer,MONTHLY,SALARY,80600.00,,,A,OCCUPATIONAL,0.0500,0.0300,2014-03-21,,CUMULATIVE,6000.00,53000.00,ORDINARY,0.00,
E0150,Tadhg,Johnston,•••••10N,Marketing,Content Specialist,MONTHLY,SALARY,46700.00,,,A,,,,2023-11-11,,CUMULATIVE,4000.00,44000.00,ORDINARY,0.00,
E0151,Cian,Martin,••••••7RA,Sales,Account Executive,MONTHLY,SALARY,54100.00,,,A,OCCUPATIONAL,0.0500,0.0600,2025-01-25,,CUMULATIVE,6000.00,53000.00,ORDINARY,675.00,
E0152,David,Daly,••••••8RA,Sales,Sales Representative,MONTHLY,SALARY,56400.00,,,A,OCCUPATIONAL,0.0500,0.0600,2022-04-23,,CUMULATIVE,4000.00,44000.00,ORDINARY,0.00,
E0153,Oisín,Flynn,•••••90P,Customer Service,Customer Service Agent,WEEKLY,HOURLY,,19.1000,30.00,A,OCCUPATIONAL,0.0500,0.0500,2015-08-26,,CUMULATIVE,4000.00,35000.00,ORDINARY,585.00,MEDICAL_INSURANCE
E0154,Lucas,O'Reilly,•••••88B,Operations,Team Lead,MONTHLY,SALARY,45300.00,,,A,,,,2025-03-21,,CUMULATIVE,4000.00,44000.00,ORDINARY,675.00,MEDICAL_INSURANCE
E0155,Eoin,Brown,••••••3DA,IT,Software Engineer,MONTHLY,SALARY,75800.00,,,A,PRSA,0.0500,0.0500,2013-02-18,,CUMULATIVE,4000.00,44000.00,ORDINARY,0.00,
E0156,Siobhán,Connell,••••••1AA,Customer Service,Customer Service Agent,WEEKLY,HOURLY,,19.2600,20.00,A,OCCUPATIONAL,0.0500,0.0500,2019-07-19,,CUMULATIVE,4000.00,44000.00,EXEMPT,315.00,MEDICAL_INSURANCE
E0157,Grace,Byrne,••••••9RA,Operations,Operations Associate,MONTHLY,SALARY,47900.00,,,A,OCCUPATIONAL,0.0600,0.0500,2023-11-07,,CUMULATIVE,4000.00,44000.00,ORDINARY,225.00,
E0158,Emma,Silva,••••••2SA,Sales,Sales Representative,MONTHLY,SALARY,60600.00,,,A,OCCUPATIONAL,0.0500,0.0500,2015-10-05,,CUMULATIVE,4000.00,44000.00,ORDINARY,675.00,
E0159,Róisín,Keane,•••••29D,Operations,Logistics Coordinator,MONTHLY,SALARY,50500.00,,,A,OCCUPATIONAL,0.0600,0.0300,2015-07-23,,CUMULATIVE,4000.00,44000.00,ORDINARY,585.00,
E0160,Laura,Daly,••••••7PA,Sales,Sales Representative,MONTHLY,SALARY,50400.00,,,A,OCCUPATIONAL,0.0800,0.0300,2016-09-28,,CUMULATIVE,4000.00,44000.00,ORDINARY,315.00,
E0161,Orla,O'Reilly,•••••96D,Customer Service,Senior Agent,WEEKLY,HOURLY,,17.6400,39.00,A,OCCUPATIONAL,0.0500,0.0500,2013-07-20,,CUMULATIVE,6000.00,53000.00,ORDINARY,495.00,
E0162,Mark,Walsh,••••••1TA,Operations,Operations Associate,MONTHLY,SALARY,34900.00,,,A,OCCUPATIONAL,0.0600,0.0500,2023-04-22,,CUMULATIVE,4000.00,44000.00,ORDINARY,585.00,
E0163,Mateus,Nagle,••••••2MA,Customer Service,Senior Agent,WEEKLY,HOURLY,,19.0100,30.00,A,OCCUPATIONAL,0.0600,0.0500,2017-06-28,,WEEK1_MONTH1,4000.00,44000.00,ORDINARY,0.00,
E0164,Mark,Daly,•••••93B,Customer Service,Customer Service Agent,WEEKLY,HOURLY,,16.2600,39.00,A,,,,2019-09-01,,CUMULATIVE,4000.00,44000.00,ORDINARY,1035.00,
E0165,Lucas,Burke,••••••1AA,IT,Support Engineer,MONTHLY,SALARY,68100.00,,,A,PRSA,0.0300,0.0300,2016-05-21,,CUMULATIVE,4000.00,44000.00,ORDINARY,0.00,
E0166,Eoin,Smith,••••••0RA,IT,DevOps Engineer,MONTHLY,SALARY,93100.00,,,A,,,,2015-06-14,,CUMULATIVE,6000.00,53000.00,ORDINARY,0.00,MEDICAL_INSURANCE
E0167,Mateus,Moore,••••••4HA,IT,Data Analyst,MONTHLY,SALARY,109700.00,,,J,OCCUPATIONAL,0.0500,0.0300,2022-04-16,,CUMULATIVE,4000.00,44000.00,ORDINARY,0.00,
E0168,Declan,Farrell,•••••05N,Sales,Account Executive,MONTHLY,SALARY,49600.00,,,A,OCCUPATIONAL,0.0600,0.0600,2021-03-12,,CUMULATIVE,4000.00,44000.00,ORDINARY,495.00,COMPANY_CAR
E0169,Rory,Daly,••••••4IA,IT,DevOps Engineer,MONTHLY,SALARY,87500.00,,,A,,,,2017-12-15,,CUMULATIVE,4000.00,44000.00,ORDINARY,0.00,
E0170,Niamh,O'Connor,•••••18M,Marketing,Marketing Executive,MONTHLY,SALARY,54800.00,,,A,PRSA,0.0600,0.0600,2020-11-16,,CUMULATIVE,4000.00,44000.00,ORDINARY,90.00,
E0171,Tadhg,O'Sullivan,••••••9VA,Marketing,Marketing Executive,MONTHLY,SALARY,74500.00,,,A,OCCUPATIONAL,0.0800,0.0500,2022-08-27,,CUMULATIVE,4000.00,44000.00,ORDINARY,0.00,
E0172,Ronan,O'Reilly,••••••6FA,IT,DevOps Engineer,MONTHLY,SALARY,114200.00,,,J,OCCUPATIONAL,0.0600,0.0600,2023-02-25,,CUMULATIVE,4000.00,44000.00,ORDINARY,585.00,
E0173,Méabh,McLoughlin,•••••04P,Administration,Administrator,MONTHLY,SALARY,37300.00,,,A,,,,2019-07-01,,CUMULATIVE,4000.00,44000.00,ORDINARY,315.00,
E0174,Rahul,Kowalski,•••••79E,Administration,Receptionist,MONTHLY,SALARY,31300.00,,,A,OCCUPATIONAL,0.0500,0.0500,2024-05-03,,CUMULATIVE,4000.00,44000.00,ORDINARY,675.00,
E0175,Sinéad,Brennan,•••••79V,Administration,Receptionist,MONTHLY,SALARY,34900.00,,,A,OCCUPATIONAL,0.0800,0.0500,2012-05-17,2026-07-19,CUMULATIVE,4000.00,44000.00,ORDINARY,0.00,
E0176,Emma,Nowak,•••••65N,Sales,Sales Representative,MONTHLY,SALARY,45700.00,,,A,OCCUPATIONAL,0.0500,0.0300,2022-10-07,,,,,,,
E0177,Seán,Silva,•••••24K,Operations,Operations Associate,MONTHLY,SALARY,31800.00,,,A,PRSA,0.0500,0.0300,2025-04-07,,CUMULATIVE,4000.00,44000.00,ORDINARY,0.00,
E0178,Ronan,Nowak,••••••6UA,Customer Service,Senior Agent,WEEKLY,HOURLY,,18.7900,30.00,A,OCCUPATIONAL,0.0800,0.0600,2021-11-17,2026-04-02,CUMULATIVE,4000.00,44000.00,ORDINARY,90.00,MEDICAL_INSURANCE
E0179,Katie,Johnston,••••••5CA,Sales,Sales Representative,MONTHLY,SALARY,70900.00,,,A,,,,2012-01-08,,CUMULATIVE,4000.00,44000.00,ORDINARY,1035.00,COMPANY_CAR
E0180,Sarah,Moore,•••••32C,Marketing,Marketing Executive,MONTHLY,SALARY,71100.00,,,A,PRSA,0.0800,0.0600,2018-04-19,,WEEK1_MONTH1,4000.00,44000.00,ORDINARY,315.00,MEDICAL_INSURANCE
E0181,Rahul,Brown,••••••0WA,Administration,Administrator,MONTHLY,SALARY,39000.00,,,A,OCCUPATIONAL,0.0500,0.0600,2019-12-27,,CUMULATIVE,4000.00,44000.00,ORDINARY,405.00,
E0182,Lucas,Clarke,••••••2TA,Sales,Sales Representative,MONTHLY,SALARY,52000.00,,,A,OCCUPATIONAL,0.0500,0.0500,2015-01-14,,CUMULATIVE,4000.00,44000.00,ORDINARY,0.00,
E0183,Eoin,Moore,••••••4TA,Sales,Sales Representative,MONTHLY,SALARY,49000.00,,,A,,,,2012-04-17,,CUMULATIVE,4000.00,44000.00,ORDINARY,585.00,
E0184,Brian,Keane,•••••45N,HR,HR Generalist,MONTHLY,SALARY,57600.00,,,A,OCCUPATIONAL,0.0800,0.0600,2014-07-14,,CUMULATIVE,4000.00,44000.00,ORDINARY,315.00,
E0185,Aoife,Nolan,•••••12V,Sales,Sales Representative,MONTHLY,SALARY,68800.00,,,A,OCCUPATIONAL,0.0800,0.0500,2025-03-06,,CUMULATIVE,4000.00,35000.00,ORDINARY,585.00,COMPANY_CAR;MEDICAL_INSURANCE
E0186,Fionn,Doyle,•••••10V,Customer Service,Customer Service Agent,WEEKLY,HOURLY,,17.2100,20.00,A,OCCUPATIONAL,0.0800,0.0500,2014-01-21,,CUMULATIVE,4000.00,44000.00,EXEMPT,0.00,
E0187,David,Keane,•••••90A,Customer Service,Customer Service Agent,WEEKLY,HOURLY,,16.4300,39.00,A,PRSA,0.0800,0.0500,2019-03-04,,CUMULATIVE,4000.00,44000.00,ORDINARY,495.00,
E0188,Mark,Flynn,••••••5RA,Sales,Account Executive,MONTHLY,SALARY,47800.00,,,A,OCCUPATIONAL,0.0800,0.0600,2026-02-15,,CUMULATIVE,4000.00,44000.00,ORDINARY,90.00,COMPANY_CAR
E0189,Mark,Farrell,••••••4EA,Customer Service,Customer Service Agent,WEEKLY,HOURLY,,18.4300,39.00,A,OCCUPATIONAL,0.0500,0.0300,2014-08-05,,CUMULATIVE,4000.00,44000.00,ORDINARY,675.00,
E0190,Méabh,Hughes,••••••7DA,Operations,Logistics Coordinator,MONTHLY,SALARY,48400.00,,,A,,,,2024-05-23,,CUMULATIVE,4000.00,44000.00,ORDINARY,585.00,
E0191,Aoife,Moore,•••••76I,IT,Software Engineer,MONTHLY,SALARY,74100.00,,,A,PRSA,0.0500,0.0300,2025-09-10,,CUMULATIVE,4000.00,35000.00,ORDINARY,225.00,
E0192,Priya,O'Neill,••••••5FA,Operations,Team Lead,MONTHLY,SALARY,36600.00,,,A,OCCUPATIONAL,0.0800,0.0500,2013-05-05,,CUMULATIVE,4000.00,44000.00,ORDINARY,0.00,MEDICAL_INSURANCE
E0193,David,O'Connor,••••••1SA,HR,HR Generalist,MONTHLY,SALARY,49200.00,,,A,,,,2021-10-21,,CUMULATIVE,4000.00,44000.00,ORDINARY,675.00,
E0194,Adam,O'Reilly,••••••5VA,IT,Support Engineer,MONTHLY,SALARY,58500.00,,,A,OCCUPATIONAL,0.0500,0.0600,2023-11-11,,CUMULATIVE,4000.00,44000.00,ORDINARY,405.00,
E0195,Ronan,Nowak,•••••83O,IT,Software Engineer,MONTHLY,SALARY,79800.00,,,A,PRSA,0.0300,0.0500,2019-07-03,,CUMULATIVE,4000.00,44000.00,ORDINARY,675.00,
E0196,Lucas,Brown,••••••4BA,Customer Service,Senior Agent,WEEKLY,HOURLY,,15.7500,39.00,A,,,,2022-11-02,,CUMULATIVE,4000.00,44000.00,ORDINARY,675.00,
E0197,Declan,Martin,••••••3GA,Management,Director,MONTHLY,SALARY,124800.00,,,S,OCCUPATIONAL,0.0600,0.0300,2016-01-12,,CUMULATIVE,4000.00,44000.00,ORDINARY,1035.00,
E0198,Adam,Johnston,•••••96Q,HR,Recruiter,MONTHLY,SALARY,50200.00,,,A,PRSA,0.0300,0.0600,2012-03-24,,CUMULATIVE,6000.00,53000.00,ORDINARY,0.00,
E0199,Tadhg,Nolan,•••••78G,Administration,Administrator,MONTHLY,SALARY,38900.00,,,A,PRSA,0.0500,0.0600,2012-10-16,,CUMULATIVE,4000.00,44000.00,ORDINARY,495.00,MEDICAL_INSURANCE
E0200,David,Walsh,•••••79F,Sales,Sales Representative,MONTHLY,SALARY,54300.00,,,A,OCCUPATIONAL,0.0500,0.0500,2024-05-10,,CUMULATIVE,6000.00,53000.00,ORDINARY,315.00,COMPANY_CAR;MEDICAL_INSURANCE
E0201,Ronan,Burke,•••••66F,Customer Service,Customer Service Agent,WEEKLY,HOURLY,,14.4400,39.00,A,,,,2019-03-26,,CUMULATIVE,4000.00,44000.00,ORDINARY,585.00,MEDICAL_INSURANCE
E0202,Liam,Nolan,••••••1AA,IT,Support Engineer,MONTHLY,SALARY,92000.00,,,A,PRSA,0.0600,0.0500,2019-05-05,,CUMULATIVE,6000.00,53000.00,ORDINARY,90.00,
E0203,Aoibhinn,Quinn,•••••75H,Sales,Sales Representative,MONTHLY,SALARY,58600.00,,,A,PRSA,0.0500,0.0600,2017-09-01,,CUMULATIVE,4000.00,44000.00,ORDINARY,1035.00,
E0204,Saoirse,Connell,••••••1QA,Sales,Sales Representative,MONTHLY,SALARY,76000.00,,,A,OCCUPATIONAL,0.0300,0.0500,2014-05-10,,CUMULATIVE,4000.00,44000.00,ORDINARY,585.00,
E0205,Niamh,Nowak,•••••72Q,Customer Service,Senior Agent,WEEKLY,HOURLY,,18.9900,20.00,A,OCCUPATIONAL,0.0600,0.0500,2013-08-23,,CUMULATIVE,6000.00,53000.00,EXEMPT,405.00,
E0206,Aisling,Fitzgerald,•••••74K,Management,Head of Department,MONTHLY,SALARY,142800.00,,,A,,,,2020-06-11,,WEEK1_MONTH1,4000.00,44000.00,ORDINARY,0.00,MEDICAL_INSURANCE
E0207,Eoin,Ryan,•••••05E,Customer Service,Customer Service Agent,WEEKLY,HOURLY,,14.9500,20.00,A,OCCUPATIONAL,0.0300,0.0600,2018-02-26,,CUMULATIVE,5000.00,44000.00,ORDINARY,0.00,MEDICAL_INSURANCE
E0208,Clodagh,Brennan,•••••93J,Finance,Accounts Payable Clerk,MONTHLY,SALARY,87900.00,,,A,OCCUPATIONAL,0.0500,0.0300,2025-02-15,,CUMULATIVE,4000.00,44000.00,ORDINARY,0.00,
E0209,Aoife,Murphy,•••••07N,Customer Service,Customer Service Agent,WEEKLY,HOURLY,,16.3800,30.00,A,,,,2020-03-15,,CUMULATIVE,4000.00,44000.00,ORDINARY,0.00,
E0210,Tadhg,Byrne,•••••33L,Marketing,Content Specialist,MONTHLY,SALARY,54300.00,,,A,,,,2023-08-20,,CUMULATIVE,4000.00,44000.00,ORDINARY,0.00,
E0211,Éabha,Walsh,•••••70K,Customer Service,Customer Service Agent,WEEKLY,HOURLY,,16.9000,39.00,A,,,,2014-11-02,,CUMULATIVE,4000.00,44000.00,ORDINARY,1035.00,
E0212,Grace,Gallagher,••••••0OA,Administration,Receptionist,MONTHLY,SALARY,32400.00,,,A,,,,2015-02-08,,,,,,,
E0213,Mateus,Nolan,•••••49P,IT,Data Analyst,MONTHLY,SALARY,55600.00,,,A,,,,2021-01-09,,,,,,,
E0214,Niamh,O'Sullivan,••••••0KA,Sales,Sales Representative,MONTHLY,SALARY,55700.00,,,A,OCCUPATIONAL,0.0600,0.0500,2023-07-24,,WEEK1_MONTH1,4000.00,44000.00,ORDINARY,1035.00,COMPANY_CAR;MEDICAL_INSURANCE
E0215,Tadhg,O'Sullivan,••••••6MA,Operations,Logistics Coordinator,MONTHLY,SALARY,43700.00,,,A,OCCUPATIONAL,0.0800,0.0500,2026-05-15,,CUMULATIVE,5000.00,44000.00,ORDINARY,0.00,
E0216,Éabha,O'Doherty,•••••17Q,Marketing,Content Specialist,MONTHLY,SALARY,60600.00,,,A,OCCUPATIONAL,0.0500,0.0500,2022-09-23,,CUMULATIVE,6000.00,53000.00,ORDINARY,585.00,
E0217,Siobhán,Byrne,••••••2SA,Customer Service,Customer Service Agent,WEEKLY,HOURLY,,16.8100,39.00,A,OCCUPATIONAL,0.0500,0.0500,2021-06-26,,CUMULATIVE,4000.00,44000.00,ORDINARY,495.00,
E0218,Adam,Moore,••••••7HA,Customer Service,Customer Service Agent,WEEKLY,HOURLY,,15.3600,39.00,A,,,,2013-01-28,,CUMULATIVE,4000.00,44000.00,ORDINARY,0.00,
E0219,Jack,Lynch,•••••59Q,IT,Support Engineer,MONTHLY,SALARY,86000.00,,,A,,,,2016-03-06,,CUMULATIVE,4000.00,44000.00,ORDINARY,585.00,
E0220,David,Keane,•••••49U,Operations,Logistics Coordinator,MONTHLY,SALARY,52100.00,,,A,PRSA,0.0300,0.0500,2024-03-15,,CUMULATIVE,4000.00,44000.00,ORDINARY,0.00,MEDICAL_INSURANCE
E0221,Ciarán,McLoughlin,•••••86O,Finance,Financial Analyst,MONTHLY,SALARY,81100.00,,,A,OCCUPATIONAL,0.0600,0.0500,2020-04-26,,CUMULATIVE,4000.00,44000.00,ORDINARY,495.00,
E0222,Zofia,Campbell,•••••12F,Administration,Receptionist,MONTHLY,SALARY,31500.00,,,A,OCCUPATIONAL,0.0600,0.0300,2019-12-14,,CUMULATIVE,6000.00,53000.00,ORDINARY,0.00,
E0223,Laura,Moore,•••••00O,IT,DevOps Engineer,MONTHLY,SALARY,61500.00,,,A,,,,2019-01-27,,CUMULATIVE,6000.00,53000.00,ORDINARY,0.00,
E0224,Grace,McLoughlin,•••••42N,Sales,Sales Representative,MONTHLY,SALARY,39200.00,,,A,OCCUPATIONAL,0.0300,0.0500,2021-07-28,,CUMULATIVE,6000.00,53000.00,ORDINARY,315.00,COMPANY_CAR
E0225,Fionn,Carroll,••••••5LA,Customer Service,Customer Service Agent,WEEKLY,HOURLY,,16.8400,39.00,A,,,,2022-12-23,,CUMULATIVE,4000.00,44000.00,ORDINARY,585.00,
E0226,Aisling,Horgan,••••••8DA,Customer Service,Senior Agent,WEEKLY,HOURLY,,14.8400,39.00,A,,,,2013-02-27,,CUMULATIVE,4000.00,44000.00,ORDINARY,0.00,
E0227,Siobhán,Moore,•••••14K,Customer Service,Customer Service Agent,WEEKLY,HOURLY,,15.2500,39.00,A,OCCUPATIONAL,0.0300,0.0300,2024-08-25,,CUMULATIVE,4000.00,35000.00,ORDINARY,0.00,MEDICAL_INSURANCE
E0228,Aoibhinn,Byrne,•••••28L,Customer Service,Customer Service Agent,WEEKLY,HOURLY,,17.8900,39.00,A,OCCUPATIONAL,0.0500,0.0500,2020-10-03,,CUMULATIVE,4000.00,44000.00,ORDINARY,315.00,
E0229,Shane,Burke,••••••7KA,HR,HR Generalist,MONTHLY,SALARY,75500.00,,,A,OCCUPATIONAL,0.0600,0.0600,2019-06-23,,CUMULATIVE,4000.00,44000.00,ORDINARY,0.00,
E0230,Emma,O'Doherty,••••••3CA,Operations,Logistics Coordinator,MONTHLY,SALARY,44100.00,,,A,,,,2013-02-05,,CUMULATIVE,4000.00,44000.00,ORDINARY,405.00,
E0231,Aisling,Connell,•••••17N,Management,Director,MONTHLY,SALARY,147500.00,,,A,,,,2024-08-04,,CUMULATIVE,4000.00,44000.00,ORDINARY,585.00,
E0232,Mark,Nowak,•••••00F,Operations,Logistics Coordinator,MONTHLY,SALARY,35700.00,,,A,,,,2024-01-14,,CUMULATIVE,4000.00,44000.00,ORDINARY,1035.00,
E0233,Tomasz,O'Sullivan,•••••50Q,Sales,Account Executive,MONTHLY,SALARY,37100.00,,,A,,,,2025-03-17,,CUMULATIVE,4000.00,44000.00,ORDINARY,675.00,COMPANY_CAR
E0234,Declan,Campbell,•••••64D,HR,HR Generalist,MONTHLY,SALARY,51000.00,,,A,OCCUPATIONAL,0.0300,0.0600,2016-02-11,,CUMULATIVE,4000.00,44000.00,ORDINARY,315.00,
E0235,Sinéad,Nolan,••••••9GA,IT,Software Engineer,MONTHLY,SALARY,68800.00,,,A,PRSA,0.0600,0.0500,2015-08-21,,CUMULATIVE,4000.00,44000.00,ORDINARY,225.00,
E0236,Ronan,Nagle,•••••97F,Operations,Logistics Coordinator,MONTHLY,SALARY,53600.00,,,A,,,,2018-07-09,,CUMULATIVE,4000.00,44000.00,ORDINARY,1035.00,MEDICAL_INSURANCE
E0237,Grace,McCarthy,•••••63M,Customer Service,Customer Service Agent,WEEKLY,HOURLY,,16.7500,30.00,A,OCCUPATIONAL,0.0500,0.0300,2025-02-21,,CUMULATIVE,6000.00,53000.00,ORDINARY,585.00,
E0238,Katie,Ryan,•••••16J,IT,Software Engineer,MONTHLY,SALARY,65200.00,,,A,,,,2024-01-02,,CUMULATIVE,6000.00,53000.00,ORDINARY,0.00,
E0239,Declan,Ryan,••••••7LA,Sales,Sales Representative,MONTHLY,SALARY,60900.00,,,A,,,,2015-07-07,,CUMULATIVE,6000.00,53000.00,ORDINARY,0.00,
E0240,Jack,Connell,•••••51B,Marketing,Marketing Executive,MONTHLY,SALARY,43400.00,,,A,,,,2023-11-26,,CUMULATIVE,4000.00,35000.00,ORDINARY,1035.00,
E0241,Fionn,Maguire,••••••1KA,Operations,Team Lead,MONTHLY,SALARY,46200.00,,,A,,,,2013-08-16,,CUMULATIVE,4000.00,44000.00,ORDINARY,0.00,
E0242,Aisling,Sharma,••••••2RA,Finance,Financial Analyst,MONTHLY,SALARY,47800.00,,,A,OCCUPATIONAL,0.0600,0.0600,2017-10-03,,CUMULATIVE,5000.00,44000.00,ORDINARY,90.00,
E0243,Brian,Hughes,•••••91V,Administration,Receptionist,MONTHLY,SALARY,33600.00,,,A,OCCUPATIONAL,0.0500,0.0600,2023-03-02,,CUMULATIVE,5000.00,44000.00,ORDINARY,225.00,
E0244,Patrick,O'Connor,•••••71P,Customer Service,Senior Agent,WEEKLY,HOURLY,,17.9400,20.00,A,OCCUPATIONAL,0.0800,0.0300,2018-03-01,,CUMULATIVE,4000.00,44000.00,ORDINARY,675.00,MEDICAL_INSURANCE
E0245,Pádraig,Clarke,•••••24N,Customer Service,Senior Agent,WEEKLY,HOURLY,,15.8500,20.00,A,OCCUPATIONAL,0.0300,0.0500,2020-10-13,,CUMULATIVE,4000.00,44000.00,EXEMPT,0.00,MEDICAL_INSURANCE
E0246,Saoirse,O'Doherty,•••••03N,Operations,Operations Associate,MONTHLY,SALARY,36400.00,,,A,OCCUPATIONAL,0.0600,0.0300,2024-05-17,,,,,,,
E0247,Tomasz,Murphy,•••••49U,Sales,Account Executive,MONTHLY,SALARY,64400.00,,,A,,,,2025-12-28,,,,,,,MEDICAL_INSURANCE
E0248,Conor,Keane,••••••0NA,HR,HR Generalist,MONTHLY,SALARY,49500.00,,,A,OCCUPATIONAL,0.0800,0.0600,2026-05-27,,CUMULATIVE,4000.00,44000.00,ORDINARY,405.00,
E0249,Ciarán,Burke,•••••15L,IT,DevOps Engineer,MONTHLY,SALARY,80200.00,,,A,OCCUPATIONAL,0.0500,0.0600,2024-11-05,,CUMULATIVE,4000.00,44000.00,ORDINARY,495.00,
E0250,Shane,Moore,•••••42E,Customer Service,Customer Service Agent,WEEKLY,HOURLY,,17.1900,20.00,A,OCCUPATIONAL,0.0800,0.0300,2014-08-17,,CUMULATIVE,4000.00,44000.00,ORDINARY,315.00,
E0251,Ronan,Burke,••••••9DA,IT,Support Engineer,MONTHLY,SALARY,61900.00,,,A,,,,2013-12-22,,CUMULATIVE,4000.00,44000.00,ORDINARY,0.00,
E0252,Orla,O'Connor,••••••6IA,Finance,Accountant,MONTHLY,SALARY,75300.00,,,A,,,,2022-08-15,,CUMULATIVE,4000.00,44000.00,ORDINARY,0.00,
E0253,Jack,Martin,•••••77W,IT,Data Analyst,MONTHLY,SALARY,94000.00,,,A,OCCUPATIONAL,0.0300,0.0300,2013-05-25,,CUMULATIVE,4000.00,44000.00,ORDINARY,675.00,
E0254,Mark,Smith,••••••9AA,Sales,Sales Representative,MONTHLY,SALARY,54600.00,,,A,,,,2019-07-16,,CUMULATIVE,4000.00,44000.00,ORDINARY,675.00,COMPANY_CAR
E0255,Declan,Nagle,••••••3UA,Administration,Administrator,MONTHLY,SALARY,33300.00,,,A,OCCUPATIONAL,0.0600,0.0500,2025-12-22,,WEEK1_MONTH1,4000.00,44000.00,ORDINARY,225.00,
E0256,Seán,Connolly,••••••7TA,Operations,Operations Associate,MONTHLY,SALARY,50400.00,,,A,,,,2025-09-02,,CUMULATIVE,4000.00,44000.00,ORDINARY,495.00,
E0257,Chloe,Keane,••••••3EA,Management,Director,MONTHLY,SALARY,145400.00,,,S,OCCUPATIONAL,0.0500,0.0300,2021-10-26,,CUMULATIVE,4000.00,44000.00,ORDINARY,0.00,COMPANY_CAR
E0258,Grace,Murphy,••••••0JA,Operations,Team Lead,MONTHLY,SALARY,39700.00,,,A,OCCUPATIONAL,0.0600,0.0300,2014-09-14,,CUMULATIVE,4000.00,44000.00,ORDINARY,0.00,
E0259,Declan,Wilson,•••••89Q,Management,Director,MONTHLY,SALARY,142900.00,,,A,,,,2016-07-13,,CUMULATIVE,4000.00,44000.00,ORDINARY,0.00,
E0260,Aoibhinn,Brennan,••••••3DA,Sales,Account Executive,MONTHLY,SALARY,58900.00,,,A,OCCUPATIONAL,0.0300,0.0500,2013-09-18,,,,,,,COMPANY_CAR
E0261,Darragh,Collins,•••••15C,Sales,Account Executive,MONTHLY,SALARY,41000.00,,,A,OCCUPATIONAL,0.0600,0.0300,2025-10-08,,CUMULATIVE,4000.00,44000.00,ORDINARY,405.00,
E0262,Brian,Johnston,•••••77S,Administration,Administrator,MONTHLY,SALARY,30100.00,,,A,PRSA,0.0500,0.0300,2018-08-23,,CUMULATIVE,4000.00,44000.00,ORDINARY,0.00,
E0263,Éabha,Clarke,•••••43K,Sales,Account Executive,MONTHLY,SALARY,40200.00,,,A,OCCUPATIONAL,0.0800,0.0500,2017-05-10,,CUMULATIVE,4000.00,44000.00,ORDINARY,0.00,
E0264,Seán,Farrell,••••••3SA,Marketing,Marketing Executive,MONTHLY,SALARY,68100.00,,,A,,,,2019-08-22,,CUMULATIVE,6000.00,53000.00,ORDINARY,0.00,
E0265,Priya,Gallagher,•••••82O,Marketing,Marketing Executive,MONTHLY,SALARY,65300.00,,,A,OCCUPATIONAL,0.0800,0.0300,2020-10-25,,CUMULATIVE,4000.00,44000.00,ORDINARY,0.00,
E0266,Shane,O'Reilly,••••••4MA,Finance,Accountant,MONTHLY,SALARY,43600.00,,,A,OCCUPATIONAL,0.0300,0.0500,2016-02-04,,CUMULATIVE,4000.00,44000.00,ORDINARY,90.00,MEDICAL_INSURANCE
E0267,Mateus,O'Doherty,••••••0QA,Customer Service,Customer Service Agent,WEEKLY,HOURLY,,17.7600,39.00,A,,,,2020-09-13,,CUMULATIVE,4000.00,44000.00,ORDINARY,1035.00,
E0268,Aoife,Walsh,•••••94O,Sales,Sales Representative,MONTHLY,SALARY,67900.00,,,A,OCCUPATIONAL,0.0500,0.0600,2014-04-18,,CUMULATIVE,4000.00,44000.00,ORDINARY,0.00,
E0269,Méabh,Collins,••••••5QA,Operations,Team Lead,MONTHLY,SALARY,45100.00,,,A,OCCUPATIONAL,0.0300,0.0300,2020-05-14,,CUMULATIVE,5000.00,44000.00,ORDINARY,0.00,
E0270,Declan,Murphy,•••••56B,Operations,Operations Associate,MONTHLY,SALARY,41400.00,,,A,OCCUPATIONAL,0.0500,0.0600,2013-09-01,,CUMULATIVE,4000.00,44000.00,ORDINARY,0.00,
E0271,Chloe,Fitzgerald,••••••4NA,Operations,Operations Associate,MONTHLY,SALARY,36700.00,,,A,OCCUPATIONAL,0.0500,0.0500,2019-06-02,,CUMULATIVE,5000.00,44000.00,ORDINARY,90.00,
E0272,Shane,Hughes,•••••64B,Customer Service,Senior Agent,WEEKLY,HOURLY,,18.2100,39.00,A,OCCUPATIONAL,0.0800,0.0500,2020-10-09,,CUMULATIVE,4000.00,44000.00,ORDINARY,0.00,
E0273,Laura,Kennedy,••••••9IA,Customer Service,Customer Service Agent,WEEKLY,HOURLY,,18.6000,39.00,J,OCCUPATIONAL,0.0300,0.0600,2018-02-08,,CUMULATIVE,4000.00,44000.00,REDUCED,0.00,
E0274,Mark,Walsh,•••••11P,Administration,Receptionist,MONTHLY,SALARY,38000.00,,,A,PRSA,0.0800,0.0300,2023-02-26,,CUMULATIVE,4000.00,44000.00,ORDINARY,0.00,
E0275,Cian,Dunne,••••••8HA,Operations,Logistics Coordinator,MONTHLY,SALARY,38000.00,,,A,,,,2020-06-19,,CUMULATIVE,4000.00,44000.00,ORDINARY,315.00,MEDICAL_INSURANCE
E0276,Liam,Connolly,•••••38G,Operations,Operations Associate,MONTHLY,SALARY,39700.00,,,A,,,,2019-05-20,,,,,,,
E0277,Lucas,Gallagher,••••••3VA,Sales,Account Executive,MONTHLY,SALARY,46200.00,,,A,OCCUPATIONAL,0.0500,0.0300,2017-10-10,,CUMULATIVE,4000.00,35000.00,ORDINARY,0.00,COMPANY_CAR
E0278,Oisín,Kowalski,•••••10T,IT,Software Engineer,MONTHLY,SALARY,73600.00,,,A,OCCUPATIONAL,0.0500,0.0600,2016-12-06,,,,,,,
E0279,Rory,Quinn,•••••09E,Administration,Administrator,MONTHLY,SALARY,38200.00,,,A,OCCUPATIONAL,0.0800,0.0600,2014-03-26,,CUMULATIVE,4000.00,44000.00,ORDINARY,1035.00,
E0280,Priya,Martin,••••••7QA,Marketing,Content Specialist,MONTHLY,SALARY,48000.00,,,A,OCCUPATIONAL,0.0600,0.0300,2024-11-25,,CUMULATIVE,4000.00,44000.00,ORDINARY,315.00,
E0281,Liam,Dunne,••••••7SA,IT,Support Engineer,MONTHLY,SALARY,70600.00,,,A,OCCUPATIONAL,0.0500,0.0600,2013-05-15,,CUMULATIVE,4000.00,44000.00,ORDINARY,0.00,MEDICAL_INSURANCE
E0282,Aoife,Moore,••••••2CA,Finance,Accounts Payable Clerk,MONTHLY,SALARY,75600.00,,,A,,,,2013-02-12,2026-04-11,CUMULATIVE,6000.00,53000.00,ORDINARY,405.00,MEDICAL_INSURANCE
E0283,Méabh,Burke,••••••6FA,IT,DevOps Engineer,MONTHLY,SALARY,59200.00,,,A,,,,2019-04-17,,CUMULATIVE,4000.00,44000.00,ORDINARY,315.00,
E0284,David,Flynn,••••••2FA,Operations,Team Lead,MONTHLY,SALARY,56500.00,,,A,OCCUPATIONAL,0.0300,0.0600,2024-07-25,,CUMULATIVE,4000.00,44000.00,ORDINARY,1035.00,
E0285,Ronan,Hughes,••••••3UA,Administration,Administrator,MONTHLY,SALARY,36800.00,,,A,OCCUPATIONAL,0.0600,0.0300,2022-09-06,2026-08-20,CUMULATIVE,4000.00,44000.00,ORDINARY,0.00,
E0286,Priya,McCarthy,••••••8PA,Operations,Operations Associate,MONTHLY,SALARY,49500.00,,,A,OCCUPATIONAL,0.0800,0.0500,2015-05-14,,CUMULATIVE,4000.00,44000.00,ORDINARY,0.00,
E0287,Ronan,Doyle,••••••7BA,Operations,Team Lead,MONTHLY,SALARY,46300.00,,,A,OCCUPATIONAL,0.0500,0.0600,2025-12-26,,CUMULATIVE,4000.00,44000.00,ORDINARY,90.00,
E0288,Adam,Kelly,•••••38N,Administration,Administrator,MONTHLY,SALARY,39900.00,,,A,,,,2017-02-25,,CUMULATIVE,4000.00,44000.00,ORDINARY,315.00,
E0289,Aisling,Quinn,•••••20H,Customer Service,Customer Service Agent,WEEKLY,HOURLY,,14.5700,39.00,A,,,,2013-02-18,,WEEK1_MONTH1,4000.00,44000.00,ORDINARY,1035.00,
E0290,Oisín,McCarthy,•••••90U,Sales,Account Executive,MONTHLY,SALARY,41500.00,,,A,OCCUPATIONAL,0.0500,0.0300,2025-11-26,,CUMULATIVE,6000.00,53000.00,ORDINARY,0.00,MEDICAL_INSURANCE
E0291,Conor,Doyle,••••••1RA,Finance,Accountant,MONTHLY,SALARY,59100.00,,,A,OCCUPATIONAL,0.0500,0.0600,2017-06-18,,CUMULATIVE,4000.00,35000.00,ORDINARY,675.00,
E0292,Seán,Kelly,•••••57R,Sales,Sales Representative,MONTHLY,SALARY,54900.00,,,A,,,,2024-10-06,,CUMULATIVE,4000.00,44000.00,ORDINARY,0.00,COMPANY_CAR
E0293,Diarmuid,Quinn,••••••8GA,Operations,Operations Associate,MONTHLY,SALARY,38000.00,,,A,OCCUPATIONAL,0.0500,0.0600,2018-04-21,2026-08-20,CUMULATIVE,4000.00,44000.00,ORDINARY,0.00,
E0294,Chloe,Keane,••••••7DA,Customer Service,Customer Service Agent,WEEKLY,HOURLY,,17.3900,39.00,A,OCCUPATIONAL,0.0500,0.0500,2022-03-07,,CUMULATIVE,4000.00,44000.00,ORDINARY,0.00,
E0295,Mark,Keane,•••••49R,Operations,Operations Associate,MONTHLY,SALARY,39100.00,,,A,PRSA,0.0800,0.0500,2020-10-24,,CUMULATIVE,4000.00,44000.00,ORDINARY,0.00,MEDICAL_INSURANCE
E0296,Emma,Connell,•••••16K,Finance,Financial Analyst,MONTHLY,SALARY,85500.00,,,A,,,,2017-08-13,,CUMULATIVE,6000.00,53000.00,ORDINARY,315.00,
E0297,Katie,Maguire,••••••2DA,Customer Service,Customer Service Agent,WEEKLY,HOURLY,,17.6000,30.00,A,PRSA,0.0300,0.0600,2023-04-08,,CUMULATIVE,4000.00,44000.00,ORDINARY,225.00,
E0298,Declan,Moore,••••••3NA,Sales,Account Executive,MONTHLY,SALARY,41800.00,,,A,,,,2021-05-24,,CUMULATIVE,4000.00,44000.00,ORDINARY,0.00,
E0299,Mateus,O'Reilly,•••••67G,Customer Service,Customer Service Agent,WEEKLY,HOURLY,,14.8200,39.00,A,PRSA,0.0500,0.0500,2020-02-15,,CUMULATIVE,4000.00,44000.00,ORDINARY,0.00,
E0300,Shane,Carroll,••••••5NA,Marketing,Content Specialist,MONTHLY,SALARY,52100.00,,,A,OCCUPATIONAL,0.0500,0.0300,2020-01-13,,CUMULATIVE,6000.00,53000.00,ORDINARY,0.00,MEDICAL_INSURANCE
